raw_applicant_id,applicant_ref,name,pan_number,phone,city,monthly_income_declared
e75d4266-b6b0-44bb-a678-421097e77f4f,APP00001,Aryan Maharaj,UDAXI5012H,+917599310825,Kochi,48061.41
3c3049a3-ff1d-4ea7-aaa6-36a3327d080d,APP00002,Udant Dewan,XRCSN1520A,+917402418010,Hyderabad,77348.70
27b8921a-1c40-4051-95eb-97b8cb2ef15f,APP00003,Gagan Sami,TARGW9928N,+917946785248,Kolkata,157584.78
3a87356b-1b13-4035-8aee-f913eaede78d,APP00004,Ayushman Chander,ZAYZF7924K,+918193448329,Bengaluru,73445.60
a0f8e7df-840f-4c87-8c67-65e519ff2b92,APP00005,Viraj Tiwari,YKDCM2584L,+918477278577,Lucknow,84517.20
80f57d51-efa9-4e03-b0e1-4c26733c855a,APP00006,Rushil Saini,BXORD7201C,+919370996465,Chennai,211616.05
eff07632-63f7-4a0a-9e04-8d6107ae8bd0,APP00007,Saumya Mall,TLSGW2139B,+919840104345,Hyderabad,198940.38
ffaede54-acf3-472b-8e79-9422283aff23,APP00008,Nathaniel Sami,CHDMI8428U,+918566942273,Bengaluru,108290.72
82b3047b-9389-4d49-86dd-29bd1a104e34,APP00009,Arunima Dugal,GVIWV2169T,+919727210979,Bengaluru,145181.47
be478254-1582-44ce-afcb-c01e7f17c316,APP00010,Gayathri Chaudry,HFOMI4598V,+918392783743,Nagpur,197870.55
2c705867-cad3-4d8d-9ca0-20d5d6bbfa4d,APP00011,Lajita Chatterjee,BHBZK7572I,+917284277889,Hyderabad,230455.63
44a0693f-d82f-4325-a5c4-fa72790c0abe,APP00012,Hemangini Lalla,SWKGU9179M,+919761027762,Kolkata,57146.11
cf97d4e0-2ded-41b3-b78d-8291f4319148,APP00013,Tripti Yadav,EHXRR5304X,+919510777721,Ahmedabad,227010.15
ce2cbff8-22f2-4a58-b90c-438df7342820,APP00014,Kritika Brar,MLHEQ9085C,+917202363285,Nagpur,49671.05
4de7c775-53c2-4bf1-a727-adacf466f494,APP00015,Janaki Handa,UFZVN2040M,+918639042338,Lucknow,249127.31
cb08dae4-10f6-4551-aa69-a0d0d896263f,APP00016,Chakradev Kari,QIRAV2876V,+919306270004,Chandigarh,85035.67
186be1d4-5cb5-4c64-8d05-be53d06483e6,APP00017,Fariq Kaul,UKDJN3591O,+917013938521,Kochi,222066.91
ed32be49-bda3-43db-8b6d-6fbcd241354b,APP00018,Lajita Mall,IQYFQ2743U,+918281810600,Nagpur,168763.64
69e43cd4-fe17-4021-9a5d-84e05edbda77,APP00019,Janya Gaba,TGELY3646R,+919277851678,Mumbai,159762.53
d8192705-7529-47f2-b50d-46aef9290167,APP00020,Isha Kadakia,PADLZ6038H,+917248786714,Hyderabad,222552.16
e1a94a6d-1644-40e4-bf18-741d4e1f7553,APP00021,Ekbal Garg,CCXPC9727Y,+917540137296,Bengaluru,173443.94
fb01cc91-b616-4931-aa76-a3d0e3836223,APP00022,Nihal Shere,RFIQT7932G,+919316259067,Chandigarh,189234.49
486072f0-e3a5-4a00-af0e-d869ee901cbf,APP00023,Anamika Kanda,GWJMV7118O,+919222971316,Kolkata,52225.94
3f2c20d0-33c9-455d-811f-9e951ed16446,APP00024,Daksh Karnik,HCKAS4770S,+917945826486,Mumbai,40973.44
06fed843-c34f-464d-82e6-f160b762d6c4,APP00025,Diya Rattan,UBHCB6413C,+919208283728,Hyderabad,87657.38
0b9a7d2c-2cd0-4056-b991-76cfcc855999,APP00026,Dominic Kakar,PGREX8744H,+919031403296,Chandigarh,116588.49
3154184e-a3b7-4967-b88d-31525beec5c8,APP00027,Simon Tata,DDVNL7939N,+919005855667,Nagpur,189042.07
79bd09ea-dcee-4471-942e-7abc885335de,APP00028,Tara Dhar,VUUDB7596X,+918457293575,Chandigarh,218876.32
f78d7a4e-c4eb-4957-90a7-5921e1f38d29,APP00029,Liam Koshy,HGGRO3296N,+917788075126,Chennai,129091.32
b1c0cb8d-bab3-4686-89a1-c51fb14a4f79,APP00030,Priya Rastogi,COZRD1828U,+919321807489,Nagpur,28320.52
87d133b6-d9c9-4506-b0ae-c9bf2b7674d5,APP00031,Theodore Devi,CYHFN8956P,+917918037633,Nagpur,115234.07
78ede5a7-2113-4d18-bf58-62e9cef07eef,APP00032,Gavin Batta,BFMAM5345Z,+918954246074,Chennai,120176.68
19ecd7c4-af46-42bc-9e8a-f1265e8bf623,APP00033,Michael Dutta,XZRVW8973E,+917815605132,Chennai,73982.70
9742dbac-7743-4b03-8fd9-42885884d221,APP00034,Devansh Rajan,BSXRB6138B,+917215359682,Lucknow,132277.42
eac2cd4c-38f6-4608-95e6-0cdcb1d1aad3,APP00035,Upadhriti Wadhwa,QFBQC4044C,+919555656321,Delhi,176922.82
f7f2fb81-a9b7-413a-be29-ccc957205bbe,APP00036,Advay Contractor,HMDSH1651T,+917352116052,Ahmedabad,172908.96
5de508b2-1d2d-42d9-bf62-d453512110f5,APP00037,Harini Choudhury,SQKIG6147H,+918140805649,Ahmedabad,54447.61
1c512629-33d0-41be-8717-1c885fd8fced,APP00038,Radhika Dugar,UJOKY2188A,+918968321319,Lucknow,249652.25
b7c0acab-e807-49fb-a642-2086649201a6,APP00039,Aarush Lall,DCRGQ5345E,+918498981529,Delhi,222835.80
6f9f0262-86f4-4ed6-83e0-d95b84369b76,APP00040,Yashica Cherian,LJFOR5956T,+919808806886,Jaipur,26760.20
89ed8188-be59-4f40-900e-0be6dc8707ba,APP00041,Yashica Issac,RJVDE5333D,+917459716009,Kochi,149475.32
c392ac1b-7ae0-457e-9d0d-66c2eff9a862,APP00042,Kashvi Edwin,IJTGW6617G,+919952777682,Indore,216905.38
1cd18de7-0e8d-4ab5-a605-9084de4dfa94,APP00043,Ekiya Suresh,QPIBC7939I,+917189351213,Mumbai,100050.22
74df7755-c681-4896-849d-ee822ff77888,APP00044,Isaac Patil,EUIFX8239R,+918836901321,Jaipur,27175.68
9b2aa6be-0c0e-464a-891b-9a2520b58bcf,APP00045,Wriddhish Bhardwaj,CWERB7049S,+919373077218,Bengaluru,121702.01
9ae7f23f-58ae-44fa-aa5f-38686e221b4d,APP00046,Farhan Chada,BJLZB6862G,+919929454134,Hyderabad,175060.02
3e209364-f8fe-4f4a-a751-b056d8c2ea34,APP00047,Ekapad Walia,LYRNT3532H,+917697939765,Chandigarh,207423.64
ade1e8b5-24b4-449f-aec6-e59d033885bf,APP00048,Kabir Soman,NAFXK7745Z,+919877229210,Nagpur,190387.95
b29b4022-19bc-4202-8653-5260ed33188c,APP00049,Alka Wable,HIFZW2771M,+917166320906,Nagpur,130905.25
58253f13-d5fb-4929-ae2d-3dbd3e1ff80b,APP00050,Siddharth Zacharia,GOLJZ4728H,+917101637979,Indore,68454.20
27b6adaa-2ed6-4d59-8f82-6ddaa2b66517,APP00051,Devika Rastogi,KICYI6753U,+919187880715,Ahmedabad,177891.58
7c46cf8c-3faf-4372-aac8-864bdd90302d,APP00052,Raksha Varughese,RKADI3925S,+918140169349,Mumbai,49390.57
e7020835-abfb-4cb1-aaf9-033effe0d9d4,APP00053,Jai Kota,NLXZK8149T,+919196545325,Delhi,111668.97
4856431f-7ac1-4f42-b6eb-c054cf36fe0f,APP00054,Devansh Nigam,SGIBW8144A,+919233040884,Chandigarh,146151.70
5a2eb5c3-1ab9-4712-94cf-9a0992ca1432,APP00055,Victor Kannan,XXXVG6967N,+917300535210,Indore,232173.44
eee7fb94-3f5a-4322-809b-f28b3e6e5f2c,APP00056,Ekavir Bhargava,TKVDX5920Q,+918328367510,Indore,116888.40
c602d3ac-4345-432d-bd7c-e03b0502c938,APP00057,Ekansh Balay,MWJRE4143N,+919855850145,Ahmedabad,177396.54
6aa3c722-fa62-4153-b95b-60059ca085c7,APP00058,Ekavir Varkey,FTSJM9977A,+918305132983,Chennai,72291.10
c60eb0f5-a5e9-4dec-b73e-725ef42fdc04,APP00059,Arya Sunder,ZSTUK8618O,+918899061865,Indore,73082.82
1cbb949f-fa3a-45d0-bc2e-8f86a24063dc,APP00060,Kevin Solanki,PZZXF2389J,+919213849513,Indore,167411.69
5260daa1-a35e-40fb-9c4b-08ca6583a912,APP00061,Urvashi Ray,KCYHV6085H,+917855256552,Bengaluru,30495.71
a8c7a33e-840a-49cf-9ed1-556fd5446659,APP00062,Girindra Chatterjee,HPTYC8461N,+919704821724,Lucknow,68747.93
85985b6e-0cb7-430e-89bf-81eebe9a4094,APP00063,Irya Sampath,WMPMH3417U,+919953315788,Mumbai,225848.46
6fbdf371-ad7a-4d54-b971-af7f92cc7d48,APP00064,Unni Bhagat,YDYNH3881Z,+919988918316,Jaipur,129523.72
875515f7-e3c5-487e-b893-99299a17df38,APP00065,Darsh Rau,RHDOE8612V,+919281194061,Jaipur,158976.77
da9edfcf-72e7-4870-a08e-d4e4c752b212,APP00066,Ikbal Kothari,YOTXQ7991R,+918915184358,Bengaluru,192322.47
593ea80f-d2fc-4422-8aba-f3350454c82f,APP00067,Ranveer Yadav,POIYH5543Y,+919238965651,Kolkata,166018.40
54240ba4-3f5e-4ef9-8d15-009fe0307693,APP00068,Logan Sami,IOCWJ4841I,+918442454200,Pune,225931.04
8fb5abf1-b5fa-423f-9f56-f5419215e615,APP00069,Arya Shere,CEEHM3503W,+917918920620,Delhi,118345.28
a32bb3bb-0e1c-427f-b8e2-0cfe7a3475f4,APP00070,Faqid Savant,KRONB4388N,+918672790155,Chandigarh,156417.87
f966dbd1-8aff-4f5e-a061-c0e4c2bff0d0,APP00071,Chandresh Zachariah,WAYSM8814A,+918510792572,Chennai,194531.90
a5148f8b-83a1-4918-b73e-0f023fcd9787,APP00072,Girik Khalsa,NRXXR4613P,+917942408767,Chennai,123063.09
adc92c82-f1ec-4bf5-a60d-992ebee55629,APP00073,Niharika Sunder,AMKVV7624X,+917708861714,Nagpur,130162.78
1f688e57-3800-4f62-b85b-0082a2e785e6,APP00074,Tanay Rattan,ETRAM1444C,+919760588734,Ahmedabad,55532.38
dfcc8088-0bea-44cb-84ba-9d468348ce8e,APP00075,Nitesh Raghavan,OFBIM6363G,+918952918745,Pune,100937.62
67b4f474-8c55-4329-8a6b-1fc14434219c,APP00076,Madhavi Lanka,MIYNI2341P,+917083250566,Kochi,146369.29
ab6cd641-74da-4de5-832c-b284f9157fa5,APP00077,Bhavika Sampath,LHUCY1659Y,+917133272825,Hyderabad,69856.15
70e1fa80-6390-4f6d-b0bb-abd74e90dd43,APP00078,Mohammed Gupta,ATEHE8758V,+917491298929,Lucknow,238245.33
e6fad46a-52e8-4a17-be5b-8cc87b0d9ed4,APP00079,Teerth Bhardwaj,OWIYL3749T,+919608108101,Kochi,186630.38
27f59a4e-7e32-4a06-8cdb-4a7539d3a683,APP00080,Dipta Bhandari,YFJDS1420J,+919473028098,Indore,229305.88
9888f962-69a8-4ae6-b259-ec2d2a11f496,APP00081,Vansha Thakkar,MMWGC4978D,+919994421136,Chandigarh,92856.10
28063302-e6de-46ac-ab64-62e9612b1340,APP00082,Dakshesh Trivedi,VTZDZ1672L,+919288123416,Ahmedabad,173842.30
4ebb2e87-deb4-4906-a45d-56f679c97bcf,APP00083,Quincy Biswas,CQUKA7882P,+917453285987,Ahmedabad,241177.20
3d5cffa4-d122-4663-b307-b7be10c5d2ed,APP00084,Wahab Raval,UOWEN3885X,+919240885202,Indore,85768.54
77e3e803-5250-4db9-bbe5-e5531744cba6,APP00085,Yatin Baral,ZRYPO8136X,+919544659112,Chennai,97518.53
5e01bb31-b9e6-4544-b55d-b934bf7f77b3,APP00086,Oni Virk,HCIOH8613S,+919621354709,Indore,110272.59
a0d24eb8-19b2-47d1-a3d6-ae14b1ad0b24,APP00087,Advika Jayaraman,APKFP4475L,+918109615163,Pune,87923.16
e5dd938a-8683-4b5d-bc8d-7abb2f3d012d,APP00088,William Lanka,TWIRA9464G,+917367704871,Hyderabad,187016.80
b4db070b-b489-49b1-b202-129b1ee830d4,APP00089,Karan Mital,PRYHW8800U,+919108061573,Kolkata,203409.90
aa743e95-ba08-4a65-af00-99f17cefc573,APP00090,Diya Bora,CJHMW4986J,+919851686578,Lucknow,108029.60
0dae1b3b-fd8b-4059-a434-26a054d4757d,APP00091,Tara Chaudhry,RQLNX6419L,+918948821078,Chennai,93990.17
5144c70b-0fc9-48d8-ac7f-485065c8a4e1,APP00092,Tanay Toor,HDXGK2958X,+919301518177,Chandigarh,180286.80
32faa61e-3052-4e2c-8977-f85282c425be,APP00093,Kevin Palla,GGXPI9595T,+918215470157,Delhi,212341.38
588b8373-9162-40dc-aae1-116cc18b1ce4,APP00094,Yash Pingle,JHLFJ1231W,+919294092753,Bengaluru,86720.05
a675b913-b769-4569-83d8-00aff3c0210b,APP00095,Nakul Sarma,BRJWE9042D,+917052679490,Lucknow,88976.35
41bc1a02-ae2c-46e4-9dcc-64c86d5486e7,APP00096,Abhiram Mistry,POKFB5136P,+917490000526,Nagpur,39702.27
858c2b0d-81d8-4bb1-9f04-65357ea0e399,APP00097,Krish Lalla,PCSUV1878E,+917640798731,Chandigarh,151638.91
7dfc6c83-5e30-4cde-bf03-ca45ef5ffab4,APP00098,Hredhaan Dugal,JCHDR7818T,+919560345306,Chandigarh,164144.13
a7f9332a-e3c3-4c9c-919d-0311a3f888c1,APP00099,Baghyawati Kade,YQMOO5871S,+918841810119,Chennai,152941.63
1a83d95a-0dc7-4cf0-a066-60bff98130f7,APP00100,Samar Lalla,BTXDY4404U,+917906346324,Chennai,173596.33
94f31342-f93a-4429-9776-44c877a444bf,APP00101,Zayan Behl,FHFRC3564A,+918754569613,Kolkata,180108.51
6fdde333-91fd-4c6a-9c50-5e3ad9d2bc36,APP00102,Pallavi Malhotra,PJBHJ5632W,+918950049698,Delhi,179661.61
ba2c31a3-5266-4265-9d07-a9d8492c19f3,APP00103,Aarush Nath,IZZUS4241N,+917492960451,Jaipur,75582.13
b42f6920-42cb-46e5-b72b-ebd88bdc33e5,APP00104,Adweta Edwin,EIECB3718Z,+918321182659,Lucknow,193515.49
d27088b5-ff05-4949-9c59-e73f7361542a,APP00105,Prisha Andra,SJODO5982W,+918728760924,Chennai,137606.24
fc4d5d9b-bea0-4135-9640-9c55f6d24f45,APP00106,Faqid Dixit,POCTB8078X,+918384360647,Lucknow,81332.78
84894c35-ebb2-43c4-9d0f-9dd05795b3f8,APP00107,Kala Divan,CHVSS1339Y,+919887427412,Nagpur,85639.98
72e073b4-a1c0-4cd9-8406-90e016fd03ec,APP00108,Joshua Barman,BYYFP9502U,+918899360801,Chennai,65835.06
178c5b10-ad0b-42c2-a003-4d8cacad4aba,APP00109,Janya Baral,SNUPC8700L,+918753841726,Pune,97238.11
52751d8f-8325-4e56-b2e4-dd7335f8b6b7,APP00110,Shivansh Krish,DFKNW9117J,+919845774616,Ahmedabad,208052.36
e19d1cf7-2a85-4657-9b9f-86abb7e9150d,APP00111,Irya Ray,RBOCK5135K,+917497879474,Chandigarh,115939.39
80d28ef4-0cb5-43c4-b6b8-9f4541a0d4d4,APP00112,Warjas Gaba,QAVRO7770B,+917805660882,Jaipur,106400.36
7a4586a5-e86c-4e1f-be12-0da6360c2b7a,APP00113,Nitara Bakshi,YPUOY1845G,+918146997816,Jaipur,54477.98
5ae08e8d-4f73-4183-92f4-664c6421c266,APP00114,Gaurangi Sabharwal,JOWPD1472U,+919615083895,Chandigarh,78841.93
1a41fb93-fd3f-4855-bd0e-295bf649a0bc,APP00115,Amara Dutta,FJRAR7684C,+917965081954,Nagpur,230409.22
f0df04e0-37b0-4769-9b0a-3132f8f32f14,APP00116,Lavanya Barad,ODUEP5781Q,+918174350979,Ahmedabad,212812.89
8a6030bb-ca1c-439c-9c4a-c648d3437152,APP00117,Tristan Iyengar,PHORE7284G,+919574307168,Jaipur,192915.82
395bcfd1-0896-470d-a7f2-5f003cb425e7,APP00118,Inaya Mody,ECIYZ7798K,+919180716723,Chennai,209623.63
77db3b40-d8a5-45ac-8735-33b948b09f49,APP00119,Udant Bajwa,JXJSS9022E,+918917906456,Jaipur,133976.81
5474c166-ba6d-4414-bb4e-1567e80dc172,APP00120,Mohini Narasimhan,KRYRM8460K,+917810255760,Kochi,78731.25
df20a488-56e2-4f57-8202-947d340138e1,APP00121,Ekaraj Mallick,MHYNB6213X,+919031417512,Kochi,230521.79
45577eae-f221-4a3d-8331-a0e8c0dc7227,APP00122,Yashodhara Ratta,MMVZU3492P,+917158998032,Bengaluru,138015.51
b9363df1-ad8e-4bea-9262-5ffbc5641029,APP00123,Ayaan D’Alia,SKDOD9617O,+917065917432,Kochi,57434.97
b2cec876-d2d9-4dda-8805-bede2ee535d8,APP00124,Pranav Lanka,UECPZ5342K,+919676878743,Kochi,114433.75
1dc2e652-c65b-49cc-bad3-cec9db32bdd2,APP00125,Ikbal Saraf,CKVRM6188U,+919095718469,Nagpur,146728.60
520c50c8-23c5-4aab-8311-f177549bf783,APP00126,Dipta Sarin,TCHUV5708H,+917388176285,Ahmedabad,245125.99
38d20bb2-2077-4d85-993a-f91e5e2fafff,APP00127,Lekha Gupta,YUWDO3725W,+918286196999,Mumbai,35347.97
4d68a6fa-f94a-4e6f-9352-3bdbae7a7b2b,APP00128,Chaitanya Sarin,ZBJLL8056E,+918048819999,Jaipur,117711.64
87afa974-169c-4394-989b-293ddcf8d7d0,APP00129,Zinal Yohannan,VZFFF2293T,+918643015259,Lucknow,178705.28
9babe8cb-aeec-4815-ad86-a50fd514e4e7,APP00130,Januja Sankar,PSEHO5161O,+918096619850,Indore,27114.42
d0621dfc-bdcd-493e-a1c8-ffcee4462797,APP00131,Ganga Murthy,ZOJVR3588C,+918897214963,Pune,247221.63
a3d62e3a-46b7-48e2-bde0-c3e6cbdb51fc,APP00132,Charita Tripathi,JUNWI8484J,+917855630484,Ahmedabad,217000.48
3edc8c19-8fb6-444c-bea4-89ac250afbae,APP00133,Nilima Narain,DHMSL5847W,+918268006448,Mumbai,245037.51
d500edc6-84f6-495e-9f13-c565a551c231,APP00134,Chakrika Datta,VMIAS1803T,+919133427445,Nagpur,228434.94
3f6e4186-8a1a-407d-871f-5efa34ee19f8,APP00135,Osha Raghavan,JYZHT6772H,+919734252963,Hyderabad,164700.51
49577cd4-8deb-4b7a-b52e-62aa332c7dd3,APP00136,Charvi Ravi,VYXYV3240U,+917417315900,Indore,170426.64
d7c39714-159a-4a1b-9ba2-1fad6ab34b42,APP00137,Daksha Mangat,JZOBS6977X,+917564409423,Delhi,229666.26
7a36e072-efee-435d-82ac-58f308f11611,APP00138,Qushi Nagy,KXNFG3165Z,+919316738668,Pune,144441.78
ab3f88be-f1bb-43be-9d3d-6887ad67ad25,APP00139,Riya Sathe,IFIPZ5835X,+918454770940,Chandigarh,50913.18
276daaf5-31d7-4239-80a4-deda33c78819,APP00140,Yasti Solanki,CEYHV7511Z,+919393639475,Pune,45318.15
a84db500-e76b-4d0a-875d-8550bd51d7e4,APP00141,Frado Mander,MAIRD8451L,+919889775885,Kochi,176276.68
2b708f06-457a-46da-b3e0-da9c85b929ba,APP00142,Girik Keer,SMULD4830P,+917107480046,Lucknow,223952.84
0e840c08-5f85-4d31-b24e-0b2bca3f80e3,APP00143,Umang Issac,RKTHU2035U,+918994013856,Kochi,92992.79
8bec9c11-860a-4054-bdd2-665f9512b1e8,APP00144,Aryan Batra,NDEBB5986P,+917498733671,Delhi,77830.01
8cb547aa-2852-4cad-b605-adfc8cfd3986,APP00145,Vaishnavi Bora,REMOL9850N,+919522607583,Kochi,188484.81
b489cd91-b149-45cb-b95d-55bb0c0f791f,APP00146,Oeshi Hayer,NUDPT7686I,+917140515379,Kochi,108369.24
b08c637e-1e1a-4728-bac7-0d5ba2cf655c,APP00147,Warda Ratta,OOHLD7018R,+919769510048,Pune,38623.77
6aad880a-0f69-4fbf-88da-35a8de1b4986,APP00148,Manbir Ahluwalia,IGDOC4475U,+919746601166,Lucknow,243496.00
18ed7906-97e2-4e17-9b55-9632760a36a6,APP00149,Pavani Kanda,BZKHE4362C,+919380304322,Hyderabad,156936.19
39a13c45-543c-425b-b3fa-c4310f87c4d1,APP00150,Zarna Shetty,HKYEZ1046I,+917621430136,Bengaluru,146548.48
0cf73739-b014-4425-91cd-917da7184e6c,APP00151,Zaid Dara,ZFDVA3159A,+918538638860,Chandigarh,202397.10
5a9f9efa-5231-4a4e-9195-fb9aa2c3b057,APP00152,Kiaan Shetty,SKAFI1858E,+918808011838,Jaipur,50571.09
a8381d2e-23e6-40af-8c0e-a9ec6f8b456e,APP00153,Saanvi Thaman,CPOYL9408S,+917468383404,Kolkata,138363.71
e1abdc3d-1a4c-460f-931e-a86ffdf45c76,APP00154,Sanaya Dutt,TBXZV9543J,+918967277638,Indore,241905.89
bdefeb7c-fd47-4b82-9b99-0d1ab972b4ac,APP00155,Shivani Lad,BPMNV2768P,+918905085701,Delhi,227335.02
f8c5cb6d-e55f-4d42-a674-812a8a2771d7,APP00156,Aradhana Verma,KTECE5505T,+919719043833,Lucknow,148380.20
c4951770-d649-425a-8f74-df563face324,APP00157,William Maharaj,KMTQJ8433Q,+919600288277,Ahmedabad,47315.15
53ab84c9-74a8-4533-b63e-e0403318f3dd,APP00158,Faras Mangal,WDUUY4522N,+918939413575,Hyderabad,118108.05
80d1378d-51c2-4636-a8d7-3e98946dada5,APP00159,Anita Nayak,OMNXD6120N,+918342278523,Indore,82350.20
fbf9709d-8d6a-416f-b10b-d58ca7946f1c,APP00160,Faris Devi,EVPCC2398C,+918854895521,Delhi,192532.52
792c50e2-65a3-4b47-8d96-8e083e52f739,APP00161,Vihaan Rajagopal,LZERB6400V,+917524979361,Ahmedabad,104559.57
4d4e7f40-fd65-4077-9239-badb94dce66b,APP00162,Tanish Bhatt,VYNXB5712T,+918341957809,Pune,48310.13
cbab5d0c-e652-4a29-bcd6-23e3388d24a4,APP00163,Nikita Narayanan,QGEVP4674D,+918503728142,Nagpur,150159.73
5a222641-0f6d-48ba-af21-8b83c8ada4b8,APP00164,Ojasvi Bhatia,DYISH8030R,+919670283403,Lucknow,176869.76
c22ee441-e134-424b-aca3-505a596a8f71,APP00165,Osha Ramachandran,RATVW5381A,+917774881143,Chennai,183107.22
62983f87-0ef1-4e61-b319-61245eb12034,APP00166,Lajita Sood,JKLAF3347S,+919823273703,Ahmedabad,40656.72
7ec7dad0-c9c9-4e42-b4e9-a4ddb250da62,APP00167,Indira Misra,XUACX9691G,+918615742667,Ahmedabad,127070.30
ab142d81-173b-4d58-b993-86709285e7d2,APP00168,Oni Yohannan,FLJXK2391B,+917668210614,Bengaluru,194748.07
21b87c14-b068-4f1a-9042-f2e2166f650e,APP00169,Vinaya Kanda,BVCIO7947P,+919607371597,Kolkata,118191.34
81fc4b33-c1aa-4a34-991a-bf4e092889a9,APP00170,Rajata Sunder,GYQDL8043D,+918216534332,Indore,177659.41
76594e9e-1cdf-4787-a1c9-20a125494a2c,APP00171,Lopa Nayar,PQVJB4612M,+919574081104,Mumbai,26729.59
639a3b5d-6054-40b3-a754-75588df04fe4,APP00172,Noah Sibal,JGYEY5186J,+918409274786,Delhi,26739.23
f1995406-d736-43f1-9116-acab5545e9db,APP00173,Avi Ramesh,XNFEM9725W,+917988317990,Jaipur,150712.80
1ca7f46e-5d1a-4254-988a-944deefd0908,APP00174,Fiyaz Sangha,VZLCM1693N,+917080494302,Kolkata,232261.55
36040705-7391-42c0-a038-f0226802fa4f,APP00175,Triya Gopal,KSNSM7843J,+917494665880,Ahmedabad,29692.73
f42fd376-af11-4593-b7d0-c92607e717d3,APP00176,Abha Raghavan,KFZTO6928C,+918875662813,Nagpur,48819.21
4bd3493e-148a-4342-aec9-e6a260d633f8,APP00177,Siddharth Sha,NSMQC7484J,+918458198451,Hyderabad,99940.44
f9b850b9-9c7d-47ae-9829-578527a5af9d,APP00178,Geetika Raghavan,FCQUD9693Q,+917832810061,Chandigarh,103609.43
41c8f344-93e4-4a8c-9a58-917831f6ac4f,APP00179,Oviya Krishnan,XUEHD3399I,+917847275937,Bengaluru,160539.77
94de1fb1-f299-4505-9348-8505ef38fd88,APP00180,Upma Bahl,YYUCF9095O,+919421225455,Chandigarh,155380.32
377d59ac-7092-4777-b21d-cc41e8f4a871,APP00181,Inaya Kapur,VSUUT6295U,+918357806226,Bengaluru,123946.63
f034e165-6ad3-4c24-8b58-4986d53e2318,APP00182,Banjeet Balasubramanian,POUJZ5500S,+917241257421,Pune,139150.80
0a6d94a0-8ebe-4373-a4b8-0967417fde21,APP00183,Ryan Bahri,JOOBB7041J,+917329557138,Indore,219456.26
80a87da9-94da-4696-89a3-91adc7f78079,APP00184,William Date,CTTQM8581S,+919380770668,Chandigarh,191257.24
12fa95fe-65fe-49ab-991e-a21edfa07825,APP00185,Ishwar Kamdar,BOZSU4084K,+919598480273,Kolkata,137807.64
a42fb216-8ef8-4a10-9179-e946cde2c460,APP00186,Aahana Pillay,BODZK2381Q,+919775094726,Bengaluru,33806.98
56dc9208-3327-475b-8eb4-6c47dbb812b5,APP00187,Ishwar Gade,WOOQQ3600L,+918601387070,Chennai,112168.73
b5c02a8e-251b-45ae-8890-c52b76cf0d89,APP00188,Hritik Bal,YKVTB6482C,+918416011033,Delhi,150541.72
836385e5-a3c5-422f-b1cb-91e5875c359e,APP00189,Keya Ranganathan,MJIXV3463K,+917350048353,Lucknow,174312.72
b06a1d67-318b-47bc-8840-1a222da9806b,APP00190,Faqid Kibe,LJUWV7421E,+919555682594,Kochi,236050.49
22237d05-28b3-4bd6-a241-cf64c442ae44,APP00191,Charvi Dara,JRMUZ6381E,+919878128023,Kochi,211515.77
f5b776db-8985-4f44-9cba-b0604a32e984,APP00192,Idika Walia,XVQCU7937Q,+918554039848,Mumbai,106584.48
606a809c-d2f1-427c-a37c-3391f189ad2c,APP00193,Kamala Biswas,FGKYP4145H,+917590838716,Bengaluru,42362.14
0c780d08-d5a0-490d-8054-ec3ae06df441,APP00194,Advik Salvi,ZDQYR9626B,+919842964443,Pune,222188.37
0a97bcc4-48c3-4bbc-85d1-3f6470a53d76,APP00195,Hitesh Sant,TETME3658F,+919975749366,Chandigarh,165566.61
0b111f9f-35ad-4030-9748-82b6fab77136,APP00196,Tripti Dua,FXOBN6968V,+918020184428,Kolkata,162383.97
92d87008-0187-4e14-8686-e3ed412d317b,APP00197,Patrick Vig,YXZOH9749H,+918329154472,Chandigarh,201483.30
8e72da2a-3401-4110-9482-7984adb18725,APP00198,Veda Shroff,GLVSO8564Y,+918210200352,Chandigarh,110921.30
7dfc38f7-26fb-49f2-8fa7-67b68ad53635,APP00199,Amrita Naidu,QNFGZ3267I,+917224110541,Indore,133132.90
0c84a45b-df58-40c5-b27f-03c6036d5cf9,APP00200,Gabriel Mallick,LRDWQ3042J,+917360240905,Chandigarh,61070.28
a3dacc6f-b249-48f5-be0a-62a189e11d3d,APP00201,Yagnesh Shetty,OQENC4637O,+918501456453,Mumbai,118351.80
46f7e107-7157-4cac-b106-1f2599a1619c,APP00202,Gayathri Balakrishnan,MQLHM2337L,+917964386641,Mumbai,96704.10
9c873cea-8f4a-4c15-bda5-92caa1d69b6e,APP00203,Ekta Gopal,DWUKZ3392E,+917164510971,Chennai,231414.14
c8731998-874f-42e3-981f-4fb63cf294ec,APP00204,Simon Pant,PWEYW8685O,+919642900640,Mumbai,228817.94
373e46f4-cf1e-45b0-b270-2cfb26c0b2e2,APP00205,Harini Mammen,AIGER9647N,+917477543926,Chandigarh,89822.86
157cd19e-2dc0-4aa4-a954-857116fa1c19,APP00206,Advaith Varughese,JDBHN8489C,+917476131010,Nagpur,228658.05
b65155a6-bd02-42f3-bbac-65ce1e8e0175,APP00207,Frederick Khurana,TRAUQ4963W,+917616657849,Chennai,121578.75
fa395bda-545b-403a-a6e8-c43865e1c56c,APP00208,Vrinda Khosla,TLHSN4068V,+919869961166,Delhi,142784.03
62980b67-7aa7-4752-a4de-3f140e339d41,APP00209,Vritti Sem,LCQRQ9316R,+917087335169,Ahmedabad,221499.57
2711e088-a118-440c-8bc2-7b985a4a2629,APP00210,Girik Menon,BUMLI1266L,+917290166087,Pune,79253.33
5a5776b5-fe07-43c2-9c11-c9d7f25e8b07,APP00211,Nidhi Kohli,VUDYS6447E,+917190420322,Pune,147853.09
3489c4ff-5efa-4488-97bc-c24e13a40f47,APP00212,Jyoti Solanki,UFYVO8840U,+917782878018,Chandigarh,55341.83
49d1559c-af4e-4b0d-a004-d4c77990f76e,APP00213,Pavani Narayanan,WYOBJ4302B,+917856716405,Mumbai,96009.06
af4c254b-5bae-48d0-93e6-cb3a7ff965f3,APP00214,Sudiksha Madan,JQMRP5150B,+919778416511,Hyderabad,89374.95
796ba072-c5dd-4dc6-b193-0f475219c9b9,APP00215,Zayan Kashyap,YBUKI3039Z,+918580630311,Ahmedabad,225134.47
42fe5708-f2b8-464c-8baf-f049966f0aad,APP00216,Reyansh Mutti,XOMKF9129W,+919136846691,Pune,232969.85
33d04b53-1891-4d8c-994b-a82d63a4f7a5,APP00217,Qasim Handa,QIZCX7955C,+918849443634,Lucknow,248897.09
48dd103d-4c45-48e4-8485-deb1fc8fc8cd,APP00218,Veda Malhotra,FRJKD2311K,+919838626452,Chennai,93961.57
b2809b5b-0a19-456e-b44c-d6a134df35ed,APP00219,Harish Hari,TWNFW8272L,+918920407276,Mumbai,188533.24
ecf50ed9-9f67-41d5-8183-f812ec1057f5,APP00220,Utkarsh Patel,LTNIU1939C,+919882712850,Indore,116397.30
26d04879-1879-49ab-bae9-3fccb53a7320,APP00221,Chasmum Atwal,QZXVF1510E,+919609505739,Indore,200795.19
b4c44e51-0292-44a1-81b9-2a50c2ece133,APP00222,Anusha Bath,BECHY7001L,+918644347110,Lucknow,32286.70
05dc4a4a-3265-4c69-a747-9523f1dd676c,APP00223,Brinda Date,EVOLL8273Y,+917330220406,Lucknow,55981.40
321bc25e-4f43-41da-960d-2198399d7adf,APP00224,Harshil Arora,LMKUI5089D,+917111296943,Kochi,66860.81
6ac3be92-9ecc-4530-9806-578ebb0dd75f,APP00225,Upasna Srinivas,QMRDI5264W,+918916728422,Hyderabad,249182.15
eafb3f9b-a63e-438d-a92c-81626241af4c,APP00226,Harini Gour,JWPGD3223C,+918941508568,Bengaluru,227202.78
63753b35-e491-43ec-9abf-8a000baa2632,APP00227,Zayyan Sridhar,OCZVK6692W,+917278911214,Jaipur,146988.56
f2cabdac-1a50-4019-9203-e5836cbab8a8,APP00228,Dhruv Rattan,JFWWW3852Z,+918552597094,Jaipur,75454.36
cc078c9e-f7e8-4fc4-896c-45ff79d34b34,APP00229,Ethan Bera,GZEHZ9094A,+918550038771,Jaipur,153762.42
8d00e250-3bfc-471a-bbf8-40ecb8825b3c,APP00230,Manthan Modi,OZRET2412C,+918328393535,Ahmedabad,249908.88
3cdd5de8-c8d4-4c02-9702-3b386807dde9,APP00231,Yuvraj Dani,XPQNY7708S,+917316756902,Bengaluru,243785.44
0caaf1a3-aaaf-4642-a135-eb2adac5c50f,APP00232,Upkaar Virk,UCOOV9476L,+917551192946,Nagpur,200559.16
6fe757ae-9c9b-491f-9e14-1c3c0e43f447,APP00233,Shravya Savant,USFYE8088Q,+917237996376,Nagpur,52936.25
2ad95140-49b6-48f1-9e0a-63573fa0313d,APP00234,Pushti Mody,EJFFK4694L,+919228649039,Chennai,215335.08
4de2f3d2-2ca7-498e-b544-a133811c582d,APP00235,Hardik Johal,IGURI3050U,+918300621767,Lucknow,145032.56
96c13c19-274e-4bd1-9890-7336a3c4c3f5,APP00236,Aishani Bumb,QUFSS3526F,+919829236141,Lucknow,187142.37
594a6812-608a-4510-9eec-def95811aebd,APP00237,Wriddhish Ghose,TKSBA2330B,+919755022797,Chandigarh,154773.53
80dfec68-bb3c-4ab5-b2cf-dfa1ed4ad4fa,APP00238,Naksh Agate,UGYSN1496P,+919693648923,Jaipur,90176.12
86c1d227-00f2-436f-9d0f-506f104a0deb,APP00239,Shravya Singhal,JPHZZ7653J,+918947957237,Delhi,179938.05
eb61ef17-4e67-4b66-acd0-e01e549dd3cb,APP00240,Bachittar Kata,FONPO4342K,+919605585995,Bengaluru,95331.06
9f080e12-0305-449f-a9c6-f96056a4e0da,APP00241,Barkha Setty,WKXLM3142Y,+918591458030,Jaipur,151371.52
555ae875-2fad-4081-b679-a6fc3c991acb,APP00242,Vivaan Lalla,KHODI8366H,+917605064858,Delhi,36386.19
19110c5b-c957-43e5-9a80-38742ddde696,APP00243,Pavani Contractor,MTNHF6364S,+918343100352,Hyderabad,196702.31
986f5de7-4c2a-49d0-bf3e-aa3c93beb630,APP00244,Manthan Lata,PQOPJ9148A,+917386757895,Ahmedabad,138725.00
108904ea-71c8-421a-884e-6f5aba57bb84,APP00245,Ekbal Bhasin,HGSLB1828J,+919125554417,Lucknow,223526.38
babd69a1-80af-486a-ba87-f5b42c7aeef5,APP00246,Damyanti Mani,UVPJR1133D,+918850820685,Bengaluru,223552.54
00a01339-e566-460c-bf36-1ee2e969f6ec,APP00247,Jeet Sidhu,XLYML1741M,+917219720597,Lucknow,151408.79
137911f3-2956-4530-8d39-5b85157ede68,APP00248,Neha Magar,LRJCM9261O,+919361618235,Chennai,210695.05
b9c380ce-c10a-4409-ab2e-0f102b0e944e,APP00249,Raksha Buch,TVTDE2584M,+918602874642,Chandigarh,247027.22
d89309d9-4584-4fa3-b980-761256a94bec,APP00250,Rachana Naidu,RLYEG9341M,+919147818256,Mumbai,35193.25
25d1ebab-d8da-4d47-9b15-7f692ddde541,APP00251,Atharv Chand,EWKZP9508O,+917639695273,Lucknow,225954.63
672e0f3c-d710-4922-a03b-90ad3d00b3bf,APP00252,Ansh Luthra,EKTKF7438T,+918285201700,Lucknow,100684.03
8241c81d-9e79-4acb-ad3a-cf767731ce5a,APP00253,Parth Singhal,QRPWS5911P,+917071455195,Pune,99528.91
5acca7ee-508a-46b6-b804-1ffd9efa9408,APP00254,Arunima Golla,DNSJZ1436T,+919038349447,Chennai,242590.91
e002d270-66b1-4a40-a0c5-7dd49687034e,APP00255,Vyanjana Chand,ZYSSH1841S,+919063511828,Bengaluru,142952.27
bc2dde71-9d0a-47c1-95b4-916cdd26cdb4,APP00256,Ijaya Rege,XTYME4968B,+919459170565,Kochi,49726.49
dba3a3ee-7405-4aa0-8a5a-de7e16db295c,APP00257,Ekani Cheema,AOKNE7765W,+917875708102,Ahmedabad,137909.39
d27d2239-fc75-40a6-93c7-ead31afa7c09,APP00258,Forum Sabharwal,TPXXB3262Q,+917890525840,Jaipur,98136.15
bdd6e5df-1128-4c78-ad9c-98d892368c28,APP00259,Bhavya Rattan,VPQMK3837O,+919289763301,Pune,147911.47
cfa8f6ce-11e6-495f-9ba1-4c1c44d646dc,APP00260,Suhani Chakrabarti,VYXVU5331T,+919079537716,Hyderabad,240400.91
dc8fa85f-87ac-43a7-950d-d176245682d5,APP00261,Zayyan Naik,IRJHJ5735W,+917890251346,Kochi,183622.36
31e7d4c0-8d27-4393-ba24-dd370c8fd548,APP00262,Netra Varkey,KPLRZ5480J,+917523445293,Lucknow,177240.01
6395904b-752b-43bf-8e60-a5a65b0b87d2,APP00263,Turvi Sachdev,MMLYZ3399J,+917180674181,Chennai,239945.59
d660b26e-1b02-4c24-b150-b967a757dea5,APP00264,Raghav Vasa,CLOUI8849G,+917867875464,Nagpur,146180.03
0a6b9ed0-a042-44e1-a70d-6d2c74e3dca3,APP00265,Wishi Sathe,RWIED4920H,+917218035843,Indore,228666.44
00c0f845-b7ec-4c83-94e4-a20f0c402135,APP00266,Samar Loke,HUHBD7771K,+919028959334,Delhi,178268.20
76f94364-0498-4eb7-ac4d-0217ede50fbb,APP00267,Bhavna Sarma,EARFN8793P,+919794042404,Hyderabad,195079.99
75fdc6b8-319b-4ed0-b903-55379f57d81f,APP00268,Jairaj Balakrishnan,JKJUB2465U,+919465883999,Hyderabad,145409.26
9b3d4645-a6d2-4fd6-9bac-7bc7ab3b1cbb,APP00269,Nathan Mukhopadhyay,XBFNF1595M,+919127657643,Bengaluru,235736.97
1cccede0-0b33-4965-b3ee-14288e79ab15,APP00270,Nikita Chander,JBAJS2758K,+918222182982,Kolkata,247547.38
ae3dcd8f-23aa-4409-b835-1295977dafa0,APP00271,Ishaan Shenoy,RQPEQ8668I,+917828118650,Chandigarh,50345.52
dbb926e2-5770-471b-b099-e7878e6a0a69,APP00272,Mitesh Tara,FXOUI4050A,+918447885778,Chandigarh,91380.46
b65b4b78-58ba-422a-aa09-c4c2a244d406,APP00273,Yashodhara Mahajan,VYGFT7643N,+919213113588,Pune,44516.00
db8e403b-18f7-4b43-bac9-f8b2dfad2d12,APP00274,Vasudha Sodhi,VDFEP6301H,+917029335155,Chennai,111304.24
885c6383-ac22-4723-95b5-101e2d5ba2cf,APP00275,Tanmayi Dhillon,OYIKJ1187I,+919807548688,Pune,180872.93
5bf41d9d-fbb0-49ed-b4ac-be8f562b9f6e,APP00276,Rayaan Trivedi,BVDOJ3616M,+919946663769,Jaipur,232698.85
74a55799-55c3-4109-8c3b-76dcef11f4cd,APP00277,Ekaraj Majumdar,WYJWD5833L,+919639796200,Hyderabad,74303.94
235d3d6f-f628-47e7-8fb9-b5573b2502e9,APP00278,Harini Tripathi,EPEOX7121N,+919358944233,Kolkata,195403.87
5afc380a-0b24-4fa4-b6c3-84d811c7e96a,APP00279,Aarnav Mandal,ZVGYH2341Q,+918918767949,Jaipur,183347.38
88e89e27-dc38-49c0-a9f3-d66e6701338d,APP00280,Vrishti Dixit,CSDBR9281G,+919459734963,Jaipur,58716.79
f6623f7d-8ab2-4a71-9af5-87459893d98a,APP00281,Veda Pai,KQODV4365W,+919504600194,Kolkata,45461.87
61ed6472-40fc-4403-adbd-ad38d2d34ef6,APP00282,Krishna Shah,QOZBO3161Q,+918784234958,Kolkata,151880.02
5a2ec889-c799-46d7-99de-44dacac19b83,APP00283,Ranbir Khare,ROVZJ1356M,+918092885428,Nagpur,25678.48
ac18be09-7292-42de-b8e2-69824b1a02bc,APP00284,Vivaan Roy,GSCBN6644W,+917273846739,Jaipur,248677.82
7a187fbf-58b4-42ee-a0e0-60f354346ed9,APP00285,Eesha Solanki,CPBJN3948Y,+917581662546,Chandigarh,169343.13
9802139d-6b39-4eec-80b9-b3aa188c895f,APP00286,Libni Doshi,XUNLM8348M,+918613385303,Delhi,178614.33
f33ff913-d506-427c-818e-e1597f3f9278,APP00287,Balhaar Date,VREUL2943F,+919307507627,Ahmedabad,143989.57
95329c37-7373-47db-9926-dc9c450ba51a,APP00288,Harish Sarraf,XHAYA5888O,+919892659845,Kochi,147500.20
a0a205f7-e43f-4932-b82f-42a77e90f5af,APP00289,Tanmayi Aurora,RMHHO6671E,+918183906581,Hyderabad,235917.33
e878956d-a822-4f59-ad1a-b9fba17671d1,APP00290,Nimrat Dubey,XYDBZ7868T,+917067198189,Hyderabad,71368.36
9fb999c8-f077-4770-86d6-5bad531fbc98,APP00291,Upasna Lanka,DTBOT1797H,+917189995314,Ahmedabad,123766.63
b9b13dce-2157-4dcf-a0ef-2cce69752c75,APP00292,Mitali Buch,RGYYB3295Q,+918242377075,Hyderabad,208551.91
1474ec90-be02-416b-87d6-95784135e3b9,APP00293,Lajita Nadig,XSKST6253H,+918296068379,Bengaluru,246781.50
efc3090b-796f-45a9-96aa-dcf2916f170e,APP00294,Balendra Biswas,QHNJI1998R,+919541190928,Kochi,230104.97
6a1cd715-0e62-43af-b4de-b4af17d2aff9,APP00295,Bhavna Karan,UVNRP1768L,+919763021449,Indore,110759.79
202a9106-9502-4d7e-9fd1-7ef1602064cf,APP00296,Radha Chaudhari,QKWNN3444J,+918616884203,Bengaluru,194743.62
437794ab-fa86-4fd0-a138-ffe1bc3a054f,APP00297,Sachi Ganesan,PHHJW3365Z,+918988677919,Mumbai,151536.84
8ea5c1d1-9cf4-41c7-aed9-fd7e96c50ee2,APP00298,Ayush Batra,NRQEM4978I,+917873324617,Pune,170508.82
164fe03a-18b4-4bb0-b6ed-5e9750e426e1,APP00299,Daksh Memon,OLCRX4120B,+918153033730,Ahmedabad,176576.18
5ec1c469-04f0-47f9-83e1-bf2175aaab78,APP00300,Kavya Sankar,TBCGZ4555P,+917897171779,Nagpur,229082.39
a7816ef1-0d14-40e7-9c0d-eac8d8ff5915,APP00301,Yash Wali,JAGGX2922X,+919056949493,Hyderabad,181515.91
72f9d816-b9d8-4fd5-bbf2-1a3589111bdc,APP00302,Pranit Garde,WGMHR6269Y,+918215730003,Ahmedabad,129906.35
a31c4383-57a9-4cea-ae95-14337b5b77ab,APP00303,Farhan Raja,ULJIL9401P,+919001472250,Delhi,205633.74
056577dd-0d28-4e6f-8fb0-dc6ac4211462,APP00304,Widisha Dhar,XPYKG7073K,+918777816561,Mumbai,151568.06
17e6a97a-dc80-433f-9266-6dd5076a5716,APP00305,Triya Kumar,HXEAI7841J,+917654602021,Hyderabad,99219.69
7722f416-5cc5-4e37-b2f6-45a230215a02,APP00306,Aadhya Andra,MSHPR6530I,+919098611616,Kochi,169381.25
48d2b51d-8c35-47a9-bf8d-5013c1bbfc91,APP00307,Bhavna Dugar,POFXZ6770F,+917601117291,Kochi,147972.92
e0dc79c3-1fb7-4a15-8b53-fc8940719f67,APP00308,Riya Pai,FRUBQ1554C,+919869963931,Mumbai,196976.24
d7ca4dc0-5bb7-4d54-95a9-862211727ee6,APP00309,Panini Krishna,NEUHC3474A,+917939393836,Jaipur,127602.17
28ec7645-76bb-48b7-83ff-845673e7d1f3,APP00310,Chasmum Issac,BTUVT8916V,+919095318649,Mumbai,26487.78
0d615f05-0ff2-4a5b-9cba-d2cdaf441d07,APP00311,Vasudha Chhabra,RNAAQ5501R,+918231317910,Mumbai,137998.61
2653eff8-e480-494d-b77f-27fdee6cc062,APP00312,Lakshmi Parmer,WVNZF2753D,+919252218154,Bengaluru,79217.99
5b79a105-a75d-40cd-84e0-b9f26faff557,APP00313,Chakrika Bains,TQILI7502C,+918602244331,Ahmedabad,128274.49
d26e456f-d48c-4e18-a95f-3cc49a7840d6,APP00314,Anvi Anand,HWHJV2320U,+919791275402,Chandigarh,32129.01
90695649-011b-4c15-a560-ca35c18f9f44,APP00315,Watika Mangat,MMMRP1919U,+917040588163,Kochi,63561.30
48f3ec50-d0c2-41e5-a124-9e07a749d0d0,APP00316,Indira Kanda,PNUZK2562Q,+917182758417,Hyderabad,72568.84
39bc1096-3ffe-49e3-a2d2-6fc32094cb80,APP00317,Zashil Devan,WSPIB2218V,+918204192904,Jaipur,151789.72
30cf291f-1ade-47b2-8820-38b41ce83a14,APP00318,Balveer More,BFKAG3362Y,+918710668371,Delhi,92337.30
ed0deced-d1be-4bd7-89f5-6fff21fe3db7,APP00319,Bahadurjit Patla,SHSMV9856K,+918648606935,Chandigarh,191442.66
56183924-b3c1-4b3f-8c88-1705b0e05e75,APP00320,Gautam Merchant,ZWXCQ6666B,+917419557255,Ahmedabad,77232.40
4b8d15c2-cffa-4f1b-94e6-7dc11d56b884,APP00321,Ojasvi Gill,CKTYT7499Y,+918401777036,Mumbai,167677.66
20b71ced-fe10-4c23-8078-e377f18f7838,APP00322,Kevin Zacharia,ZOPHL7150N,+917797737957,Indore,156821.90
d8eb7d17-0c38-4040-bf34-cbb1874fb8ca,APP00323,Yachana Mahajan,MCYTJ5037W,+917315708805,Delhi,85293.71
76f254af-1258-4c6f-b1a8-84d2f531d468,APP00324,Aarini Subramaniam,MWZUE7383K,+918549195708,Delhi,45592.10
31404f47-3b86-4538-9f7b-e8937e1b9fd6,APP00325,Hamsini Contractor,JOLYI2674E,+917374938761,Bengaluru,121970.39
f1741b6e-e261-47d7-93e9-8078d98df021,APP00326,Faqid Dhaliwal,RRQND1430C,+918520050282,Jaipur,45939.46
d065ba98-1adf-4527-ba3e-25c1028466ed,APP00327,Mekhala Pau,TZKMA5781N,+918665586415,Chandigarh,44057.39
edc4782a-9321-4206-9990-c40fd27b7a0b,APP00328,Megha Atwal,RHSQF7237F,+917596313527,Chennai,92754.53
261cfaff-9973-4d80-8e27-83ae3cc73d3e,APP00329,Jatin Sha,PECFN5521N,+918287426116,Kolkata,201099.99
1d3707c4-c0d9-4c30-964b-2ee376524522,APP00330,Adweta Raj,LIHXU9123T,+919648572296,Hyderabad,128018.87
7ca6f5e3-a7bc-4c45-97c3-ad1a0979fcdc,APP00331,Hritik Kaur,EJAMK7224Z,+918415370893,Kolkata,100315.65
7691bc8c-284e-4f89-8cfe-cb91cb03348b,APP00332,Aryan Narang,UTEJK4290P,+918349406919,Bengaluru,242029.29
e567d636-7945-4491-b37b-6440041754b0,APP00333,Dev Shetty,KJXWU9044S,+918041204430,Pune,109612.44
e4e68925-c938-498d-a70c-295e4581d6dd,APP00334,Nilima Dada,ZMLDS4273S,+919343459102,Bengaluru,178385.34
096028c2-2f64-42e2-89a9-ad99bcbf0f9c,APP00335,Chakradev Barad,RAXOW4434O,+918251258015,Nagpur,180887.94
c53cd5a5-855b-4d1a-8880-5bb223f83c14,APP00336,Waida D’Alia,ZZNVP3280U,+918300656317,Hyderabad,81853.38
ff6207df-d668-418e-8ea6-88c0b6eddc35,APP00337,Wahab Yogi,EWNZM2211O,+919568106346,Kolkata,156004.90
780bcd05-9e78-4539-847a-57ef800ad6ef,APP00338,Lipika Setty,RQWNR1602Z,+918544167403,Kochi,226487.84
bc941790-7abc-4832-9001-5d7df01589ba,APP00339,Oni Dubey,RTUCD5067V,+919854838525,Pune,62426.16
47219fa1-53e2-46ac-887d-9a3ffd5407ef,APP00340,Hardik Suri,TBSUV7547Y,+918424196985,Chandigarh,121852.50
a04391b6-9959-43a7-bfbb-24de55535ee5,APP00341,Ati Bali,ADIHQ9499R,+919493307092,Kochi,154427.96
87fb1c8f-8fd6-4ed8-a925-c29b043cca45,APP00342,Teerth Sawhney,OLMOY9199E,+918481623643,Mumbai,133623.49
42ac6e20-26b8-4345-86d5-2b89a7af9c91,APP00343,Warinder Patil,JNCDX3321L,+918339558843,Pune,127449.84
85db3b9c-4442-4f28-9c80-14b0934351b2,APP00344,Jhalak Parmer,GQPLP2599O,+919992575455,Kolkata,96754.63
a0e74370-1e5a-4adc-b2e6-e54d9b2970e9,APP00345,Mitali Majumdar,JBZWD1370K,+919783009621,Delhi,177356.35
7be12bc3-8499-46e0-8785-979f1c0541cc,APP00346,Jason Sha,FXHQF3623K,+919404532947,Ahmedabad,240654.09
d5d697a5-db66-41ee-b83b-5d4a47e6bf33,APP00347,Simon Bail,HZMUF4053U,+919823115971,Ahmedabad,114006.04
f0b4bf44-f055-4338-9b37-baf2e261ea89,APP00348,Gauri Kohli,XTGOS8037M,+917019112776,Kochi,73329.12
a4e0453f-be4c-43f7-a2b1-683f5329be7c,APP00349,Samesh Biswas,IYWZZ2025S,+917437021700,Chandigarh,221195.35
4dd62e71-7bfc-4d75-a0ed-dd33f36a008b,APP00350,Tarak Kaul,FLKGO2867I,+919880640679,Nagpur,135133.90
3f427307-abb4-4ef9-afab-f4cf26908e9c,APP00351,Manbir Agate,UKTMT7431S,+917490623034,Pune,104196.61
2e08cb14-7032-40c2-a1a9-a69cb04fa75c,APP00352,Maanav De,OTFVW5873T,+919534753843,Delhi,176224.77
366b477b-284d-40f7-b82d-7822280f05c9,APP00353,Owen Choudhary,KDHJD3999L,+919978287288,Bengaluru,139935.60
ad9fdc4b-6849-405d-bf41-7496ca70d16f,APP00354,Karan Aurora,NTESM7931F,+919090232661,Indore,145910.34
116d441d-e319-4ccf-9bff-6df9c43969dc,APP00355,Wazir Naik,UFRFP5732E,+917803582272,Pune,214446.67
5e7780f0-e37a-4212-b6fc-cab24ced9529,APP00356,Owen Lanka,TBLAP3236G,+918649027664,Jaipur,138723.55
7b6972f6-be1c-46f3-97ed-23ef8c79f57a,APP00357,Jonathan Sama,PNVPN8272P,+917718348264,Delhi,152214.50
dbba6a25-970f-4775-b888-ff5135895b78,APP00358,Devansh Soni,ZYHJB5503H,+919309011435,Chennai,62847.02
713b4f3d-f809-4995-b93d-020293081e9b,APP00359,Janaki Varghese,OSXYY9115R,+919193894984,Delhi,153860.66
7eab2687-7f42-4e22-8ef6-07ccb6c65442,APP00360,Siya Thakur,IYRLR1681Y,+918895655026,Jaipur,74171.94
c5e22cac-5582-46dd-a380-f6e51bfc3fe1,APP00361,Caleb Verma,NDXUY5055J,+917138428506,Kolkata,84133.43
8b307ee4-6935-461c-99ba-1e4e2e147765,APP00362,Tara Balasubramanian,CODYZ4882G,+919525113890,Kochi,103891.94
b85e0a77-42dc-47fa-93d9-bb55c3b9234f,APP00363,Varenya Ratti,WTUNF3281Z,+917887424665,Nagpur,71562.11
c6117b52-e3e1-451a-a695-7608420568f8,APP00364,Hritik Swaminathan,BSLRI9827F,+918390081665,Kochi,90842.81
27b2f315-4d85-4ccc-9b8f-b45d9a52b49b,APP00365,Ethan Buch,SIQVD3221Y,+918767792297,Mumbai,248309.40
6997137c-daf7-4fb4-8d75-78d2d01df831,APP00366,Manbir Bhatti,UEWEH3396W,+918383394833,Nagpur,80699.82
e6aa06e8-0981-4269-8947-3bb6b0613a99,APP00367,Anvi Nair,VMPES5402U,+918779083221,Ahmedabad,126698.14
cca29d1d-6389-49fa-818b-65659b9b9dac,APP00368,Chaitaly Setty,UZYCM9447X,+918194970235,Kochi,235675.63
e751ff16-6d84-4f0f-ba55-5dfb9d599319,APP00369,Hardik Contractor,LOPKS1040Y,+917400040376,Kochi,243733.82
8d326caa-b810-47b4-ac3b-9da37905f802,APP00370,Qushi Seth,UVWLC9756M,+917935572425,Ahmedabad,210590.72
1f752e7f-96e1-4220-9ab9-64d3a25de7ce,APP00371,Odika Nori,PIKJK9967S,+917560898021,Lucknow,216795.08
3be587d2-3fd5-4498-8adb-c02b6bf0e294,APP00372,Mohini Sagar,ZKVYB1752D,+919689420564,Chandigarh,213257.99
04e00f71-c622-4e83-9561-678b4a5fc2b5,APP00373,Dhriti Sane,ADFOO1011N,+917868950062,Kochi,229616.62
66018473-19f6-4578-9111-de2af15b3bdb,APP00374,Aadhya Prasad,UJFIC6905I,+917353993484,Pune,174514.48
e8bb4bfc-1667-42c2-9945-b56dd54bc8e6,APP00375,Urvi Bhavsar,UFBMU6005X,+918005640129,Ahmedabad,172484.18
9a566b7d-583b-4dd6-b6e3-9f10cd0e9fbe,APP00376,Frederick Chander,WDAGP2276E,+919549834042,Hyderabad,141874.96
7c055313-9fb1-4469-b790-157255b67bd4,APP00377,Gopal Pradhan,OAAWK2975N,+919980840461,Bengaluru,132482.55
fb55a0f8-30d1-4da2-9e89-c4e9be3ba894,APP00378,Darpan Narayan,HMCXZ2678D,+918345834347,Pune,223222.52
b651972f-72ae-420a-8c17-11eb5c506f20,APP00379,Nirja Pandya,EMYYE3340C,+919278515709,Lucknow,26906.82
b03daa88-421c-4681-b83f-f172f815d779,APP00380,Charan Mani,UFOLX4490U,+917650146942,Ahmedabad,163617.10
08c2677f-7733-4cdc-a8af-a943c0cc5b64,APP00381,Indira Chawla,OGCDE3017S,+918649404491,Pune,241730.96
7d3959ca-403d-4b6d-ba2e-f27c3034c4f6,APP00382,Mohammed Subramaniam,KZEHI2380H,+919376820435,Lucknow,160001.77
b597f087-04d5-4d5e-acd6-cb8dcce368af,APP00383,Hritik Palla,TJYWA5942G,+919223715568,Lucknow,139642.58
f2ea6298-f76f-4c79-a07b-b67f102e3933,APP00384,Ishwar Mallick,XMJUB4921P,+918657365938,Delhi,79243.40
b8806fb2-3bab-431f-8be7-87fe6543fc75,APP00385,Pushti Bal,UTCQA6916K,+917566862173,Ahmedabad,218683.15
d8fa23a1-c218-473b-94d6-ceec5e9a35cd,APP00386,Ayush Gole,SNLRV3830Y,+919022992405,Chandigarh,41423.16
aceddf20-503e-4d37-823a-04ad5d60b2a8,APP00387,Dayamai Nori,SCAIG1652B,+918709289717,Jaipur,89459.76
782d2f01-db04-459b-b17b-2296fd7cf870,APP00388,Abeer Golla,WQYNN7590C,+919751086697,Jaipur,145972.46
4316e1b1-e028-4a15-992d-377546da0e27,APP00389,Nandini Boase,EICJC9377G,+917667339697,Jaipur,98518.82
74f9a0e1-8093-4288-8bf3-2829eaa21a9b,APP00390,Azaan Chand,SUYUV2083J,+918878988236,Kochi,239521.29
f8ff7b3a-b7ce-48f2-b113-06f831606e93,APP00391,Krisha Saini,HBHCN2900O,+919629794700,Lucknow,37381.44
06f65521-f044-47d7-8092-f36e0acd44c2,APP00392,Harita Dugar,VXVXF2956A,+917589320181,Kochi,27553.89
d0626731-224d-4c39-bc71-e12388b22052,APP00393,Devika Nair,PLQQZ5247F,+918597167064,Bengaluru,193699.69
b0592fc8-0f56-4f09-a686-761c6358f397,APP00394,Charles Dugal,IXDYA6488Z,+918843934986,Chennai,142867.20
7e80df1e-9bd7-4939-8247-089c04536560,APP00395,Chandran Bumb,IWSUC9128O,+919193791472,Pune,37473.80
3a7c8d18-8f80-4dc7-8ec1-76aab55ba667,APP00396,Saanvi Samra,SFLFI2685S,+919895325210,Kochi,50950.06
61cd1995-7837-42b5-959d-c35b02f9083e,APP00397,Riya Sachdeva,XQABA5006B,+919026213491,Pune,111170.38
b6281e53-ab92-4b56-ab3b-2e5be95a465b,APP00398,Tanveer Vala,EFBRZ7870H,+918382129132,Hyderabad,118657.73
c2c12353-5eee-456a-b067-4980253c0dbe,APP00399,Hemani Sani,XKICS7108D,+919156249415,Indore,227936.73
09a457ee-d7c1-4336-91b8-45cb7dac3750,APP00400,Bhanumati Sur,FHZQB7568C,+918997564262,Nagpur,88519.05
58fe27d9-3302-4317-a755-87ccd6215d66,APP00401,Chakradev Kannan,JKCRO1130L,+917861876057,Chennai,151856.52
b07f7154-56b4-493a-9650-187c72852a6d,APP00402,Christopher Amble,JXTHO7033S,+919118967967,Chandigarh,199574.34
9e19edc9-412f-4c17-b52c-5c5747f4cf06,APP00403,Charvi Kakar,XRYZH3466A,+918761091683,Mumbai,77424.49
c86a9c51-8102-4e33-b18b-47a0cd0b1507,APP00404,Aadhya Mann,LUWAK1023Y,+919823098529,Ahmedabad,216026.35
4a9093fc-9791-4fcd-a5c5-cbaa2762ad20,APP00405,Jagdish Amble,XJDGQ4902N,+919113247935,Mumbai,243825.83
3bee7b4a-fedd-4d74-9a8b-b25b1d606cab,APP00406,Qushi Gill,EWICB4792Q,+918774065466,Kochi,226505.04
c6b95d62-9e29-4eba-9071-0389738bc2d7,APP00407,Lajita Walia,OXCSD9280E,+919736820502,Nagpur,113729.04
65d1f341-ac00-40f4-8a43-b6de5e13cf28,APP00408,Xiti Pandya,SSBNV3141H,+918252738994,Chennai,216455.58
b815a608-7864-4a1f-923b-4f43eaf89e63,APP00409,Mekhala Basak,ZMWXK6211O,+918168041588,Hyderabad,41804.67
3922a7cf-fd19-4b0a-b8d6-f1579954106d,APP00410,Anirudh Sharaf,GEYYS2785E,+917453796587,Bengaluru,126152.52
aef309b6-5fe1-4512-9232-aa6b8f5c792f,APP00411,Dhriti Sanghvi,KNDRL4401O,+918324171556,Kolkata,84626.78
9999b16c-cab4-4c68-89b8-f0a374c309ab,APP00412,Omisha Mann,DCFZV5984W,+919993068140,Lucknow,34074.21
971318a3-2ef0-44cc-8cba-59d2d12b00e1,APP00413,Nidhi Bail,KECWH6828M,+919205292512,Mumbai,177366.26
7946c3e5-5649-4d28-b9a3-420edd2487d6,APP00414,Onveer Sharma,IFAMO5093D,+918984460654,Delhi,205876.77
6622c7a2-b299-4e22-9e13-bc48e85975cc,APP00415,Gaurang Sarkar,EDABY4641E,+917850974890,Nagpur,115130.91
6d3f3f1d-2ff1-4ac2-98b9-70ba853581ee,APP00416,Yagnesh Sarin,VUUCS5240C,+917093631055,Delhi,69493.83
9bda7df5-31b1-43dc-94ae-a813f0b11e31,APP00417,Farhan Randhawa,UOZEC6432D,+917183379287,Kolkata,36393.48
8f03ae77-7b6a-4ed7-b481-f393f831d942,APP00418,Harinakshi Kant,SNXMP1483M,+919934377138,Ahmedabad,63881.62
e1ce4f91-3ce9-4208-a796-bb6d6a63fb7c,APP00419,Om Bose,GFIIO3435B,+919637567649,Lucknow,163819.86
914dd246-c4d9-44df-a0a3-7d405a39e726,APP00420,Yashvi Hari,UJPNR8848B,+917376761189,Chennai,111178.44
753763fc-5f4d-475b-96d0-f3b0d424a8b4,APP00421,Indali Divan,NGUZQ5082U,+919334987658,Chandigarh,29394.25
fe58a156-cb99-4545-80c0-8cd21de3f3be,APP00422,Harshil Dhingra,MZWLP9921Z,+919081682554,Pune,230352.33
2ba80838-4df0-453a-ab87-368949c96484,APP00423,Rudra Ghose,QKMIF1427K,+919564595211,Hyderabad,31593.28
3a3b929e-412b-4a74-8f4d-959ec14288e4,APP00424,Faqid Goel,ZYIBZ8728Q,+918535162577,Chandigarh,156397.51
64d92e9d-9cd8-43a7-983d-4b2f37f1da52,APP00425,Ucchal Sen,HFDHV4951I,+919292179207,Nagpur,203028.37
4df69d60-6c98-424a-87cb-0cf88e678eb4,APP00426,Diya Dora,XBYHS7363L,+917746087503,Bengaluru,78224.00
941c8527-b67e-4e58-ba06-d560a2f8ad16,APP00427,Ekansh Singh,KZXWL1462W,+918510463320,Lucknow,151811.46
23bd7da6-62ce-4927-a26b-0d3236733c13,APP00428,Chavvi Maharaj,SGZPR6063F,+919106408413,Mumbai,45307.91
ee0ec7ce-d00b-4abd-9475-b6364347b6bd,APP00429,Indira Tripathi,HTHAQ8831A,+918424786638,Lucknow,70329.49
b4ada460-6565-49c1-8d00-f139cf52ab8c,APP00430,Dayita Shenoy,EKWFZ6301B,+917094115188,Bengaluru,156987.06
e590d68f-bf6b-4b15-8434-9473902f5f0f,APP00431,Baljiwan Bhandari,EYDQL2188L,+919843867732,Ahmedabad,156853.75
01ab903b-5860-453f-b3e6-104889ad87d2,APP00432,Bhavini Bose,KJKEF8157Z,+919745626499,Kolkata,171065.56
dd3ccbe4-cb75-4842-8453-2c423af8968a,APP00433,Yashica Rajagopalan,FWRWT6846H,+919858436754,Lucknow,208252.20
945bbfea-4eac-4601-a86e-5773d0f8ef38,APP00434,Benjamin Sengupta,MJXWJ3086F,+917007721941,Kochi,238457.09
c1908914-4646-44fa-a205-8727e5a3f976,APP00435,Ekanta Soni,MYSBF6213Z,+919625862062,Hyderabad,168920.52
86e74e0d-22a4-4983-90b4-a85ed1967458,APP00436,David Seshadri,DPEKX2274H,+918489538120,Pune,62774.67
e70f4b31-7a73-4741-8ae3-cdecce10619c,APP00437,Hemal Chad,CWVUX6500O,+917048943839,Chennai,72178.96
08cf2ec3-5b5e-4b43-8cf0-c11053707317,APP00438,Balveer Kota,WCLIZ2770X,+917005502537,Mumbai,111835.85
fd6ea2c2-e451-45d7-befa-f78810bcf24d,APP00439,Reva Viswanathan,XNFNP7204L,+919345155074,Ahmedabad,47821.43
169e8cc2-b67d-45b6-ad8a-86b662cb047c,APP00440,Januja Pradhan,PZSUY4695F,+918938264714,Delhi,204818.78
9e92e6c1-1bcd-4846-82bc-df7bb020991e,APP00441,Lila Rege,BJAKI2715C,+918468055063,Bengaluru,224784.54
a601fa25-032e-422d-9a8f-f820c2536529,APP00442,Charles Natt,FXCRC6536T,+919635584024,Kolkata,183513.55
d1f99f54-2e09-4767-a667-d981cbea2865,APP00443,Forum Chandra,NUFTN3573B,+917434898985,Pune,71248.86
7f0b50c4-feae-4012-af60-e42d782e23d9,APP00444,Bhanumati Krishnan,GNWRX9849I,+919837246354,Chennai,91915.15
d42bdc3a-c555-4318-9b07-852d2de12aca,APP00445,Gauri Bumb,DBMSR9043E,+917234096568,Pune,25858.50
93ededb8-72c8-4456-8d51-a154c2f225ba,APP00446,Inaya Mukherjee,CJVUT8869G,+917416555576,Mumbai,71564.42
e1b90613-2c98-430b-9770-6468c3e83560,APP00447,Kai Chad,UJCPD6052Z,+918707109267,Kolkata,135046.78
d1b2348b-8dc2-4d67-9a86-03a82efc3e1c,APP00448,Krisha Narasimhan,VICUR7349F,+918593521006,Ahmedabad,108115.37
77cbb4e1-bc28-4d2f-b459-136cda9b57bb,APP00449,Girik Sampath,OBIOO5315H,+918153464986,Lucknow,38868.86
e761b970-88c3-4cd0-857a-1cc43cafdc09,APP00450,Andrew Patil,YWVDC6632Z,+919325505783,Ahmedabad,243408.75
b170ac61-50d1-4bc5-8df2-7d9b11ad5ed6,APP00451,Pranit Kala,SHRBM9561N,+919300016872,Indore,220051.15
a3dba8dc-bc25-49d2-8026-210a6f5791cb,APP00452,Vedika Handa,PSHPJ2293M,+917149157745,Jaipur,153524.49
4effe20d-6830-443b-997b-4814679a0b2d,APP00453,Laksh Dubey,QZSVT3415D,+918928610987,Bengaluru,238538.83
aa9d6157-3297-4362-9a90-aa3cd85a2134,APP00454,Chakrika Chaudhuri,FGZGE1699N,+917336590217,Indore,122963.48
fc332c97-630c-4f2f-b5c6-d4ed754cc1ce,APP00455,Gayathri Deep,UETIK2097C,+918666873181,Jaipur,114404.87
4603e158-f52a-44ba-a419-ea918ffb3181,APP00456,Mitesh Gaba,KIQOA9561Z,+918802141793,Delhi,118249.54
d1d3eb1d-30c9-4818-9421-72a8ba013741,APP00457,Noah Sarma,ESSSY2641D,+919416708343,Chandigarh,47722.85
fec1eb60-9c2b-48e2-9e1f-471ebc3fc0f3,APP00458,Nirja Patla,JRLNI7275U,+919085570788,Lucknow,162016.48
9d0c6c66-2e00-488b-a6d5-db7bca4fe2b4,APP00459,Sachi Mane,BFIME7581B,+918699916883,Pune,180365.59
8554cdc8-cd32-4e66-bd90-92c7f0ba83ee,APP00460,Vivaan Walla,BXPIL1331K,+918301611123,Chennai,88078.00
3e580c41-58f8-4e6b-8085-4efab8740e85,APP00461,Dayamai Singh,PWVDH3201J,+918903145590,Chandigarh,210810.25
69b7418f-2d15-42b3-8056-11d4002c3cec,APP00462,Jhalak Sastry,IXNTU2462G,+918897158366,Hyderabad,230522.38
748702f8-6360-44fc-b6f5-bab224dded9e,APP00463,Baghyawati Raja,NXPYQ7126B,+919213066496,Chandigarh,60768.80
5a5220e2-e648-4b91-8cdf-72adfae738bc,APP00464,Neel Iyengar,JWQME9589S,+917124331395,Bengaluru,68371.78
665e4a14-81a7-4787-b910-59c20a601d23,APP00465,Zashil Ben,GBHBO1828L,+917855169963,Chennai,107879.18
0895be44-b66e-4205-a963-abc7e601f239,APP00466,Kamya Chauhan,OQMUD1500H,+918599732557,Kolkata,158659.81
8556a45f-d87a-4f18-9db2-f18e5ccab300,APP00467,Bhavani Chacko,FPSRL6640F,+918110935906,Kochi,211945.80
2714a78d-fec1-4a04-8c75-613039a845e6,APP00468,Anjali Sengupta,CJAMB3669S,+917920491305,Nagpur,74803.99
0059c9cd-d91b-492d-b1fd-6059f8fa827a,APP00469,Rajeshri Chand,HVGIU7709Q,+917086124217,Nagpur,200568.32
e589247c-ac38-4060-8f6f-473347cdaeae,APP00470,Shravya Palla,YVAPE3837T,+917036351450,Hyderabad,81787.85
c4e50396-9301-4a57-9daf-7a4d2facc312,APP00471,Oeshi Bera,ZJWWU5511N,+918616949739,Nagpur,103459.57
cb156bb9-da21-4279-8847-9b88329e7ae8,APP00472,Yadavi Prakash,IGOJV9530T,+918705757183,Lucknow,48020.22
776e60a8-96e0-449c-8cb6-2d0a35255530,APP00473,Libni Bumb,QVLRU5631J,+919939532043,Delhi,133391.14
67566c30-d4a6-47b9-9bbe-982b8ab153ef,APP00474,Udarsh Bala,KIUKI5278U,+919798027184,Chennai,67381.02
1a3f59f6-eab3-4ef4-afc3-b6b42a54e2a8,APP00475,Hardik Nayak,QYHBZ7620V,+918372610291,Indore,56484.14
b4d0c024-2e96-4851-b177-e0a1d7d77db9,APP00476,Laksh Barad,AUPJI7857M,+918667628074,Kochi,32946.78
7886c904-74c0-4d16-949d-1fbf0e4314fe,APP00477,Urmi Dewan,WSGKX4643V,+919296240256,Indore,201601.84
1dadf5be-5e6c-4b2d-8873-ff7d9216b93c,APP00478,Saumya Ahluwalia,VLQJF3967J,+917419201975,Kolkata,53787.43
320daa46-2cdc-4a99-abcb-3def21f42781,APP00479,Anirudh Kunda,IXZRY3999V,+918441530442,Indore,45092.46
85715ead-8ae0-405c-9eb2-ee2bb58a08ab,APP00480,Mason Wable,LHXJN6428L,+918119093377,Lucknow,91161.50
a1f1b5da-0adb-4722-80bc-bfe77713e659,APP00481,Indrajit Mani,DPBUS2166P,+917835559278,Jaipur,51958.59
29635703-f605-421d-99ce-bad3d4a638c8,APP00482,Charvi Dara,VMQJN1885E,+917589979266,Hyderabad,102100.72
7a705f48-9b7b-4f91-a105-6294348e51de,APP00483,William Saini,SOEKW3954Y,+917347082594,Kolkata,99841.63
d55d5eaa-7916-45f5-9644-83fa2d9c065e,APP00484,Dev Choudhry,FKUBA8406I,+917899290419,Chandigarh,199047.01
1e296a25-a3f4-4640-8415-58aa33d9f69e,APP00485,Amol Varma,SYFPZ2442E,+919639170397,Ahmedabad,167534.70
ff92e312-ac19-417c-bab6-02240d97e766,APP00486,Maanas Manne,MNPMA1618R,+917856477685,Kochi,108947.82
8336268e-51a6-4c06-8fe2-68fd0b2f2739,APP00487,Aarav Pandit,AKYQG1293V,+917017711717,Indore,190060.73
d1b9192e-948f-440d-ba28-f90186769079,APP00488,Omaja Grover,HWLJE2682M,+919161813706,Lucknow,93875.90
761547ac-630c-4737-b4dc-d1856e3d6bd1,APP00489,Jalsa Bir,CBJJO9524T,+919251068157,Pune,122574.68
b16f8959-641e-4f66-bd8c-c006f5ddbe74,APP00490,Madhavi Singhal,VEKPL4087F,+918732553940,Mumbai,76394.11
326c9cf7-521f-43e1-b9c5-0761bc0c9715,APP00491,Lila Prakash,XEGXA9267F,+917528976690,Pune,184999.77
df5c096a-e061-4516-b891-addf5168476d,APP00492,Amol Parikh,ZBMUI9761T,+917208679403,Lucknow,248803.05
3ed4cfab-b654-4e2e-b293-762d9d3e4f8c,APP00493,Hemani Khosla,VDUAB2897N,+918908315331,Ahmedabad,52808.89
5bdf0e9a-5c14-4f0e-a7cc-a2c57b3e1c50,APP00494,Gaurangi Deol,IPWEG1152J,+918807629146,Indore,47720.47
7310eba0-d0ca-4b83-b07a-1f6978da41d2,APP00495,Indira Nigam,QITTW3247N,+917450603215,Jaipur,186722.40
e2e6eb99-ff50-4386-b6c7-5ed070aa8457,APP00496,Ucchal Srinivas,DJDZD9154G,+919615642860,Hyderabad,200040.76
5786e502-426e-4e21-8cf8-03b7c12515e5,APP00497,Krishna Bhatnagar,QGLWN5839F,+917169246232,Jaipur,136679.81
58c7247a-9b86-4f72-8954-7c08c98dc19e,APP00498,Balhaar Memon,GWPKH1044A,+919884642366,Delhi,229048.01
3b3ab6c7-4e23-459f-8097-dd758f631dbd,APP00499,Caleb Iyengar,SVPEC9383C,+917435039291,Chennai,169975.78
eb8db2c9-5a2a-408d-9ea0-eb9dae81e26a,APP00500,Diya Mukherjee,OJIOB2635F,+917169412921,Nagpur,90377.61
